id,full_name,email,age,country,diagnostic,dolor,sintomas,opinion
1,Alessandro Dainton,adainton0@google.co.jp,1,Kyrgyzstan,false,,,
2,Ruben Tesmond,rtesmond1@microsoft.com,2,Brazil,false,,,
3,Gavra Marikhin,gmarikhin2@aboutads.info,3,Honduras,true,,,
4,Brandise Hyrons,bhyrons3@wikimedia.org,4,France,true,,,
5,Alie Strethill,astrethill4@quantcast.com,5,China,false,,,
6,Michal Verduin,mverduin5@auda.org.au,6,Russia,false,,,
7,Martelle Rought,mrought6@slashdot.org,7,Russia,true,,,
8,Markus Dorken,mdorken7@ask.com,8,Syria,false,,,
9,Astra Abbati,aabbati8@plala.or.jp,9,Indonesia,true,,,
10,Say Maypole,smaypole9@telegraph.co.uk,10,United States,false,,,
11,Ragnar Golbourn,rgolbourna@1und1.de,11,Pakistan,false,,,
12,Adlai Carabine,acarabineb@bloglovin.com,12,Indonesia,false,,,
13,Dilan Polendine,dpolendinec@devhub.com,13,Sweden,true,,,
14,Filia Fransson,ffranssond@moonfruit.com,14,China,false,,,
15,Bobbye Rhead,brheade@google.es,15,China,true,,,
16,Arnuad Bricksey,abrickseyf@businessinsider.com,16,Russia,false,,,
17,Emilee Muris,emurisg@illinois.edu,17,Bolivia,true,,,
18,Oralia Oldknowe,ooldknoweh@opensource.org,18,Czech Republic,false,,,
19,Roseline Pascall,rpascalli@artisteer.com,19,France,false,,,
20,Eolande Paylor,epaylorj@histats.com,20,China,true,,,
21,Bette Vamplew,bvamplewk@wisc.edu,21,Reunion,false,,,
22,Beverlee Hellwich,bhellwichl@dailymotion.com,22,China,true,,,
23,Talya Odney,todneym@usda.gov,23,Philippines,true,,,
24,Maryellen Novotne,mnovotnen@businesswire.com,24,Saint Lucia,true,,,
25,Johnny MacCauley,jmaccauleyo@yellowbook.com,25,China,true,,,
26,Norrie Sommerly,nsommerlyp@godaddy.com,26,Czech Republic,true,,,
27,Randolph Izacenko,rizacenkoq@last.fm,27,China,true,,,
28,Lorraine Grimmolby,lgrimmolbyr@ca.gov,28,China,true,,,
29,Flor Dawbery,fdawberys@wufoo.com,29,Honduras,false,,,
30,Maren Stuehmeyer,mstuehmeyert@vistaprint.com,30,Nigeria,false,,,
31,Hasty Ocheltree,hocheltreeu@flavors.me,31,Indonesia,false,,,
32,Perle Giacomazzo,pgiacomazzov@cloudflare.com,32,Russia,true,,,
33,Pearl Drury,pdruryw@fotki.com,33,Czech Republic,true,,,
34,Tanny Charlotte,tcharlottex@a8.net,34,Saudi Arabia,true,,,
35,Shina Jozwiak,sjozwiaky@t-online.de,35,China,true,,,
36,Aimil Foan,afoanz@wordpress.org,36,Indonesia,false,,,
37,Shandeigh Manilo,smanilo10@java.com,37,Slovenia,false,,,
38,Anjanette Lydden,alydden11@scientificamerican.com,38,Panama,true,,,
39,Skipp Newband,snewband12@mayoclinic.com,39,Reunion,false,,,
40,Cybil Keitley,ckeitley13@wikipedia.org,40,Russia,false,,,
41,Fransisco Dell Casa,fdell14@geocities.jp,41,Colombia,true,,,
42,Glynis Gobat,ggobat15@purevolume.com,42,Russia,true,,,
43,Windham Gowman,wgowman16@webnode.com,43,France,true,,,
44,Josepha Fairbourn,jfairbourn17@walmart.com,44,Uruguay,true,,,
45,Tad Darrigoe,tdarrigoe18@domainmarket.com,45,Bulgaria,true,,,
46,Rayna Maclaine,rmaclaine19@amazon.com,46,Ireland,false,,,
47,Ginnifer Mulvany,gmulvany1a@flickr.com,47,Greece,true,,,
48,Fulton Thorius,fthorius1b@opera.com,48,Philippines,true,,,
49,Chloette Leaves,cleaves1c@newsvine.com,49,Philippines,false,,,
50,Kippie Doelle,kdoelle1d@google.es,50,Philippines,true,,,
51,Trish Wemm,twemm1e@cisco.com,51,Indonesia,true,,,
52,Berenice Ollerhad,bollerhad1f@spiegel.de,52,China,true,,,
53,Anton Maylin,amaylin1g@uiuc.edu,53,China,false,,,
54,Aaron Baumer,abaumer1h@typepad.com,54,Portugal,false,,,
55,Reeva Wontner,rwontner1i@go.com,55,China,true,,,
56,Hatty Kleinplac,hkleinplac1j@indiatimes.com,56,China,false,,,
57,Gard Ferrone,gferrone1k@who.int,57,Indonesia,true,,,
58,Mureil Southwood,msouthwood1l@usda.gov,58,Iraq,true,,,
59,Leo Dawkes,ldawkes1m@yelp.com,59,Cuba,false,,,
60,Virginia Bellworthy,vbellworthy1n@tinyurl.com,60,Slovenia,true,,,
61,Berton Prattin,bprattin1o@wiley.com,61,Portugal,false,,,
62,Sherie Billingsley,sbillingsley1p@deliciousdays.com,62,China,true,,,
63,Doyle Menzies,dmenzies1q@google.com,63,Kenya,false,,,
64,Cornie Granham,cgranham1r@archive.org,64,Poland,false,,,
65,Vere Alves,valves1s@bbc.co.uk,65,China,false,,,
66,Lurette Mullin,lmullin1t@cnet.com,66,Philippines,true,,,
67,Georgeanne Collidge,gcollidge1u@fc2.com,67,China,false,,,
68,Damita Else,delse1v@typepad.com,68,Brazil,false,,,
69,Connie Southcombe,csouthcombe1w@europa.eu,69,Portugal,true,,,
70,Deana Rymell,drymell1x@ameblo.jp,70,Czech Republic,false,,,
71,Brynn Brumble,bbrumble1y@lulu.com,71,Poland,false,,,
72,Barde Haspineall,bhaspineall1z@vkontakte.ru,72,Philippines,true,,,
73,Anet Ghest,aghest20@msu.edu,73,Iran,true,,,
74,Emmalynn Strank,estrank21@altervista.org,74,Indonesia,false,,,
75,Reinaldo Deveraux,rdeveraux22@live.com,75,United States,true,,,
76,Marigold Giraudot,mgiraudot23@apple.com,76,Japan,true,,,
77,Thurstan Gotobed,tgotobed24@pen.io,77,United States,false,,,
78,Jennine Costigan,jcostigan25@webs.com,78,Mexico,true,,,
79,Danette Springer,dspringer26@twitter.com,79,Indonesia,false,,,
80,Michell Maiklem,mmaiklem27@paypal.com,80,China,false,,,
81,Sigvard Leckenby,sleckenby28@networkadvertising.org,81,Philippines,true,,,
82,Lorrin Evemy,levemy29@clickbank.net,82,Indonesia,true,,,
83,Sky Softley,ssoftley2a@wunderground.com,83,Bangladesh,true,,,
84,Zenia Cardew,zcardew2b@domainmarket.com,84,China,false,,,
85,Barbra Crosscombe,bcrosscombe2c@weebly.com,85,Cuba,true,,,
86,Keelia Gookey,kgookey2d@topsy.com,86,Afghanistan,true,,,
87,Brittan Vizard,bvizard2e@altervista.org,87,China,false,,,
88,Clarine Boldra,cboldra2f@dagondesign.com,88,Uganda,false,,,
89,Rudolf Gullen,rgullen2g@phpbb.com,89,Sri Lanka,false,,,
90,Inge McSaul,imcsaul2h@wufoo.com,90,Uganda,false,,,
91,Peter Conway,pconway2i@apple.com,91,Colombia,false,,,
92,Hillel Wilmore,hwilmore2j@xrea.com,92,United States,true,,,
93,Shaun Neubigging,sneubigging2k@miitbeian.gov.cn,93,Indonesia,true,,,
94,Milo Batiste,mbatiste2l@jiathis.com,94,France,false,,,
95,Hillary Blinerman,hblinerman2m@surveymonkey.com,95,Indonesia,true,,,
96,Hersh Vella,hvella2n@ihg.com,96,Ukraine,true,,,
97,Teresita Drillot,tdrillot2o@irs.gov,97,France,true,,,
98,Gertruda Croxon,gcroxon2p@paypal.com,98,Kyrgyzstan,false,,,
99,Nollie Igglesden,nigglesden2q@biglobe.ne.jp,99,Brazil,false,,,
100,Mattheus Ramble,mramble2r@issuu.com,100,China,false,,,
101,Port Barbier,pbarbier2s@constantcontact.com,101,Canada,false,,,
102,Sadie Chevins,schevins2t@ovh.net,102,Indonesia,false,,,
103,Elwyn Stooders,estooders2u@unblog.fr,103,China,false,,,
104,Ennis Done,edone2v@vinaora.com,104,Thailand,false,,,
105,Mahmoud Glasscoe,mglasscoe2w@nytimes.com,105,Brazil,false,,,
106,Trenton Pattenden,tpattenden2x@parallels.com,106,Ireland,false,,,
107,Fidelity Yeulet,fyeulet2y@g.co,107,Kiribati,false,,,
108,Orsola Basson,obasson2z@purevolume.com,108,China,false,,,
109,Rickie Packwood,rpackwood30@kickstarter.com,109,Indonesia,false,,,
110,Mar Leon,mleon31@taobao.com,110,Indonesia,false,,,
111,Jennifer Orring,jorring32@netlog.com,111,Albania,false,,,
112,Joshua Blasoni,jblasoni33@list-manage.com,112,Brazil,true,,,
113,Harriot Marshfield,hmarshfield34@nba.com,113,Philippines,true,,,
114,Linzy Padbery,lpadbery35@ucla.edu,114,Wallis and Futuna,true,,,
115,Eada Dishmon,edishmon36@scientificamerican.com,115,Indonesia,true,,,
116,Jareb Habgood,jhabgood37@upenn.edu,116,Panama,true,,,
117,Ricky Ollerton,rollerton38@smugmug.com,117,China,true,,,
118,Fulvia Finker,ffinker39@elegantthemes.com,118,Bulgaria,true,,,
119,Jojo Moorman,jmoorman3a@mail.ru,119,China,true,,,
120,Donielle Dauby,ddauby3b@yahoo.co.jp,120,Palestinian Territory,true,,,
121,Claudetta Cirlos,ccirlos3c@nationalgeographic.com,121,China,false,,,
122,Stacie Jarrell,sjarrell3d@flavors.me,122,China,true,,,
123,Worth Bignell,wbignell3e@mayoclinic.com,123,China,false,,,
124,Albertina Bigadike,abigadike3f@privacy.gov.au,124,Indonesia,false,,,
125,Levon Pachmann,lpachmann3g@sciencedaily.com,125,Brazil,true,,,
126,Lemmie Norkutt,lnorkutt3h@ucla.edu,126,Norway,true,,,
127,Rodolfo Kelson,rkelson3i@trellian.com,127,Indonesia,true,,,
128,Mirilla Bransby,mbransby3j@soup.io,128,Finland,true,,,
129,Meir MacTrusty,mmactrusty3k@wikipedia.org,129,Philippines,false,,,
130,Brandyn Teasdale,bteasdale3l@tinyurl.com,130,Philippines,true,,,
131,Letty Giblin,lgiblin3m@thetimes.co.uk,131,Russia,true,,,
132,Carolyne Jerche,cjerche3n@hao123.com,132,Slovenia,false,,,
133,Wilhelm Coltan,wcoltan3o@army.mil,133,Indonesia,false,,,
134,Waring Camm,wcamm3p@abc.net.au,134,Croatia,true,,,
135,Urson Cuttle,ucuttle3q@independent.co.uk,135,Philippines,true,,,
136,Thorsten Warnes,twarnes3r@so-net.ne.jp,136,Indonesia,true,,,
137,Milo Blaydes,mblaydes3s@dedecms.com,137,China,true,,,
138,Tyrus Drinkel,tdrinkel3t@yellowpages.com,138,Portugal,false,,,
139,Diahann Melsome,dmelsome3u@pcworld.com,139,China,true,,,
140,Tara Simonnet,tsimonnet3v@rediff.com,140,Greece,true,,,
141,Matilda Ambrogioli,mambrogioli3w@squarespace.com,141,Namibia,false,,,
142,Bernadette MacCahee,bmaccahee3x@mayoclinic.com,142,China,true,,,
143,Tadeas Richardsson,trichardsson3y@youtu.be,143,Malaysia,true,,,
144,Tani Portugal,tportugal3z@cpanel.net,144,Philippines,false,,,
145,Zulema Fellow,zfellow40@forbes.com,145,Mexico,false,,,
146,Gusty Noorwood,gnoorwood41@parallels.com,146,Japan,true,,,
147,Norah Vell,nvell42@ovh.net,147,China,true,,,
148,Woodman Laver,wlaver43@github.io,148,Ireland,false,,,
149,Kele Desvignes,kdesvignes44@mapy.cz,149,Croatia,false,,,
150,Salvidor Guihen,sguihen45@wufoo.com,150,Argentina,true,,,
151,Nicolette Leyband,nleyband46@opera.com,151,Thailand,true,,,
152,Judie Hallbord,jhallbord47@gnu.org,152,Afghanistan,true,,,
153,Ivette Tomaello,itomaello48@goo.ne.jp,153,Portugal,false,,,
154,Kassi Swigg,kswigg49@businessinsider.com,154,Thailand,false,,,
155,Griswold Terrans,gterrans4a@drupal.org,155,China,true,,,
156,Averell Ridpath,aridpath4b@flickr.com,156,Russia,false,,,
157,Adlai Fargie,afargie4c@vimeo.com,157,Chile,false,,,
158,Haily Codner,hcodner4d@comsenz.com,158,Japan,false,,,
159,Erin Reeders,ereeders4e@newsvine.com,159,Tanzania,false,,,
160,Elwira Cooley,ecooley4f@vimeo.com,160,Philippines,false,,,
161,Adda Mc Elory,amc4g@mtv.com,161,China,false,,,
162,Mannie Mansuer,mmansuer4h@simplemachines.org,162,Iran,true,,,
163,Abra Alf,aalf4i@hhs.gov,163,Philippines,true,,,
164,Zackariah Crichley,zcrichley4j@joomla.org,164,France,false,,,
165,Taryn Dayborne,tdayborne4k@nih.gov,165,China,false,,,
166,Carlotta Cockcroft,ccockcroft4l@vk.com,166,Poland,true,,,
167,Jennee Pottiphar,jpottiphar4m@whitehouse.gov,167,China,false,,,
168,Dixie Eadmeads,deadmeads4n@w3.org,168,Brazil,false,,,
169,Kristoforo Flintuff,kflintuff4o@answers.com,169,Ukraine,false,,,
170,Natalie Fairnie,nfairnie4p@usgs.gov,170,China,true,,,
171,Whitaker Dochon,wdochon4q@hhs.gov,171,Russia,false,,,
172,Melisandra Balazs,mbalazs4r@jugem.jp,172,France,true,,,
173,Adrea Fursey,afursey4s@nps.gov,173,Philippines,true,,,
174,Alecia Reace,areace4t@cam.ac.uk,174,Poland,true,,,
175,Vladamir Tezure,vtezure4u@google.nl,175,Nepal,true,,,
176,Hortensia Pelchat,hpelchat4v@yolasite.com,176,Indonesia,false,,,
177,Kimble Shadfourth,kshadfourth4w@globo.com,177,Liechtenstein,true,,,
178,Michele Filliskirk,mfilliskirk4x@usatoday.com,178,Spain,true,,,
179,Rosabel Hansed,rhansed4y@irs.gov,179,Brazil,true,,,
180,Daisey Di Filippo,ddi4z@godaddy.com,180,Canada,true,,,
181,Birdie Burkitt,bburkitt50@army.mil,181,Czech Republic,true,,,
182,Nevsa Jahan,njahan51@google.com.br,182,Portugal,false,,,
183,Erie Swyn,eswyn52@pen.io,183,China,false,,,
184,Aggie Chaman,achaman53@xrea.com,184,China,true,,,
185,Randene Preator,rpreator54@craigslist.org,185,Russia,false,,,
186,Piotr Farlambe,pfarlambe55@house.gov,186,China,true,,,
187,Lavina Gorrick,lgorrick56@admin.ch,187,Nigeria,true,,,
188,Gery Crawcour,gcrawcour57@intel.com,188,France,true,,,
189,Carmella Possell,cpossell58@dedecms.com,189,China,true,,,
190,Tana Napolione,tnapolione59@acquirethisname.com,190,Indonesia,true,,,
191,Rhianon Fairlie,rfairlie5a@wisc.edu,191,Afghanistan,true,,,
192,Marshall Parsons,mparsons5b@unc.edu,192,Peru,true,,,
193,Tiebold Perrott,tperrott5c@statcounter.com,193,Philippines,false,,,
194,Alida Balhatchet,abalhatchet5d@blogs.com,194,Bosnia and Herzegovina,false,,,
195,Phelia Averay,paveray5e@oracle.com,195,Morocco,false,,,
196,Arlyne Golden of Ireland,agolden5f@wp.com,196,United States,true,,,
197,Yovonnda Braznell,ybraznell5g@usgs.gov,197,Philippines,false,,,
198,Kelby Preston,kpreston5h@eepurl.com,198,Sweden,true,,,
199,Melva Torrance,mtorrance5i@cisco.com,199,China,true,,,
200,Jesse Grigolashvill,jgrigolashvill5j@bizjournals.com,200,Ukraine,false,,,
201,Raychel Cranna,rcranna5k@army.mil,201,Russia,false,,,
202,Mace O'Fihillie,mofihillie5l@businessweek.com,202,Ecuador,true,,,
203,Christy Quarmby,cquarmby5m@guardian.co.uk,203,Belarus,false,,,
204,Avrit Nettles,anettles5n@google.com.br,204,Sweden,true,,,
205,Juana Benkin,jbenkin5o@ezinearticles.com,205,Sweden,true,,,
206,Sammy Matusov,smatusov5p@typepad.com,206,Indonesia,true,,,
207,Tait Abisetti,tabisetti5q@soundcloud.com,207,Tanzania,true,,,
208,Baily Bruckenthal,bbruckenthal5r@spotify.com,208,Philippines,false,,,
209,Merlina Steptowe,msteptowe5s@google.it,209,China,true,,,
210,Demott McLugaish,dmclugaish5t@washington.edu,210,China,true,,,
211,Estella Argontt,eargontt5u@homestead.com,211,Canada,false,,,
212,Betsey Lelliott,blelliott5v@nasa.gov,212,China,false,,,
213,Harriot Malcolmson,hmalcolmson5w@spiegel.de,213,China,true,,,
214,Mano Whistance,mwhistance5x@privacy.gov.au,214,China,true,,,
215,Clarey Banford,cbanford5y@weebly.com,215,China,false,,,
216,Fredric Crepin,fcrepin5z@tinypic.com,216,United States,true,,,
217,Ami Budibent,abudibent60@friendfeed.com,217,Greece,true,,,
218,Lorrie Seint,lseint61@yellowbook.com,218,Poland,true,,,
219,Tove Santorini,tsantorini62@pagesperso-orange.fr,219,China,true,,,
220,Bethany Dimitresco,bdimitresco63@meetup.com,220,Poland,true,,,
221,Mattias Venart,mvenart64@t-online.de,221,China,false,,,
222,Ottilie Carlisi,ocarlisi65@shinystat.com,222,Bangladesh,true,,,
223,Georgetta Davidek,gdavidek66@smugmug.com,223,Ukraine,false,,,
224,Davis Cubberley,dcubberley67@mediafire.com,224,Brazil,true,,,
225,Willie Clacey,wclacey68@archive.org,225,Slovenia,false,,,
226,Suzie Foulkes,sfoulkes69@aol.com,226,Philippines,true,,,
227,Ibbie Tarver,itarver6a@imageshack.us,227,Mongolia,false,,,
228,Deane Robertucci,drobertucci6b@usda.gov,228,France,false,,,
229,Genia Egleton,gegleton6c@mozilla.com,229,China,true,,,
230,Brandie Lage,blage6d@alibaba.com,230,Kenya,false,,,
231,Jillayne Buttriss,jbuttriss6e@omniture.com,231,Tanzania,true,,,
232,Saraann Jaskowicz,sjaskowicz6f@imageshack.us,232,Iran,false,,,
233,Peyter Skaif,pskaif6g@typepad.com,233,Indonesia,true,,,
234,Prudence Friese,pfriese6h@businessinsider.com,234,Tanzania,true,,,
235,Guy Backwell,gbackwell6i@list-manage.com,235,Dominican Republic,false,,,
236,Hew Tocque,htocque6j@eventbrite.com,236,Sweden,true,,,
237,Piotr Niccols,pniccols6k@goodreads.com,237,Philippines,true,,,
238,Theressa Fernanando,tfernanando6l@liveinternet.ru,238,Philippines,true,,,
239,Ase Brownfield,abrownfield6m@businessweek.com,239,Czech Republic,false,,,
240,Heather Melior,hmelior6n@oaic.gov.au,240,Portugal,false,,,
241,Brenna Savary,bsavary6o@wiley.com,241,Mongolia,false,,,
242,Franciska Dumper,fdumper6p@histats.com,242,Greece,false,,,
243,Merwyn Steinor,msteinor6q@redcross.org,243,China,false,,,
244,Elspeth Gravet,egravet6r@paypal.com,244,Peru,false,,,
245,Tremain Sydall,tsydall6s@devhub.com,245,China,false,,,
246,Doralyn Hallyburton,dhallyburton6t@cafepress.com,246,Thailand,false,,,
247,Melony Galway,mgalway6u@ed.gov,247,Niger,true,,,
248,Jacklin Baillie,jbaillie6v@seesaa.net,248,China,false,,,
249,Lana Schaffel,lschaffel6w@arizona.edu,249,South Africa,false,,,
250,Kiele Lambie,klambie6x@ifeng.com,250,Brazil,false,,,
251,Barnaby Gaddas,bgaddas6y@studiopress.com,251,Nigeria,false,,,
252,Koo Burkman,kburkman6z@ftc.gov,252,Philippines,false,,,
253,Pammie Budge,pbudge70@topsy.com,253,Sweden,true,,,
254,Dacia Semor,dsemor71@so-net.ne.jp,254,Argentina,true,,,
255,Carolyne McFie,cmcfie72@who.int,255,Nigeria,false,,,
256,Reuven Keating,rkeating73@yahoo.com,256,Czech Republic,false,,,
257,Marie-jeanne Budcock,mbudcock74@techcrunch.com,257,Philippines,false,,,
258,Karrie Reddoch,kreddoch75@fc2.com,258,Kazakhstan,false,,,
259,Jaclyn Saveall,jsaveall76@imdb.com,259,Philippines,true,,,
260,Hilda Wadie,hwadie77@theglobeandmail.com,260,China,false,,,
261,Louis Middleditch,lmiddleditch78@dailymotion.com,261,Thailand,false,,,
262,Filia Bagnold,fbagnold79@theatlantic.com,262,France,false,,,
263,Ewan Fawdrey,efawdrey7a@nydailynews.com,263,Indonesia,false,,,
264,Sky Squibbs,ssquibbs7b@over-blog.com,264,Sweden,false,,,
265,Consolata Maior,cmaior7c@unc.edu,265,Germany,false,,,
266,Elvera Greiswood,egreiswood7d@feedburner.com,266,Mexico,true,,,
267,Michaela Marxsen,mmarxsen7e@tinypic.com,267,United States,true,,,
268,Mackenzie Andrus,mandrus7f@engadget.com,268,Sweden,false,,,
269,Elsey Halgarth,ehalgarth7g@ycombinator.com,269,France,true,,,
270,Kelvin Trusse,ktrusse7h@photobucket.com,270,Portugal,false,,,
271,Verney Abson,vabson7i@photobucket.com,271,Greece,false,,,
272,Richart Bonnaire,rbonnaire7j@hubpages.com,272,China,false,,,
273,Rosetta McGuggy,rmcguggy7k@altervista.org,273,Sweden,false,,,
274,Goldina Symons,gsymons7l@constantcontact.com,274,China,true,,,
275,Charmane McTurley,cmcturley7m@sciencedaily.com,275,Indonesia,true,,,
276,Thaxter Remon,tremon7n@ezinearticles.com,276,Indonesia,true,,,
277,Pammy Claw,pclaw7o@squidoo.com,277,Chile,true,,,
278,Breanne Celez,bcelez7p@taobao.com,278,Ukraine,true,,,
279,Ermin St. Quentin,est7q@nbcnews.com,279,Tanzania,false,,,
280,Marita Grimwood,mgrimwood7r@scientificamerican.com,280,Ireland,false,,,
281,Humberto Starkings,hstarkings7s@nifty.com,281,Bangladesh,false,,,
282,Kalie Silvermann,ksilvermann7t@gizmodo.com,282,Guatemala,false,,,
283,Vin Collin,vcollin7u@marketwatch.com,283,Ivory Coast,true,,,
284,Hussein Celez,hcelez7v@prlog.org,284,Guatemala,true,,,
285,Bobby Eccles,beccles7w@ucsd.edu,285,Brazil,true,,,
286,Corri Buzine,cbuzine7x@weibo.com,286,Colombia,false,,,
287,Elfrieda Ceeley,eceeley7y@ebay.co.uk,287,China,false,,,
288,Agnese Bartunek,abartunek7z@xing.com,288,Latvia,false,,,
289,Kareem Heaker,kheaker80@opensource.org,289,Russia,false,,,
290,Mellisa Turnor,mturnor81@apache.org,290,Mexico,false,,,
291,Beaufort Di Claudio,bdi82@cnet.com,291,France,true,,,
292,Stella Gamil,sgamil83@quantcast.com,292,Vietnam,false,,,
293,Berty O'Doherty,bodoherty84@infoseek.co.jp,293,Sweden,true,,,
294,Wallace Halifax,whalifax85@devhub.com,294,China,true,,,
295,Carolee Doyle,cdoyle86@whitehouse.gov,295,China,true,,,
296,Val Pantecost,vpantecost87@unicef.org,296,Canada,false,,,
297,Leonardo Grigorio,lgrigorio88@npr.org,297,Madagascar,true,,,
298,Mame Hauger,mhauger89@businessweek.com,298,Russia,true,,,
299,Yasmeen Braniff,ybraniff8a@ibm.com,299,Russia,true,,,
300,Alfons Onians,aonians8b@mapquest.com,300,Czech Republic,true,,,
301,Bondon Crilley,bcrilley8c@angelfire.com,301,Indonesia,true,,,
302,Adeline MacCulloch,amacculloch8d@imdb.com,302,Indonesia,true,,,
303,Salem Oganian,soganian8e@delicious.com,303,China,false,,,
304,Stepha Gabbett,sgabbett8f@un.org,304,Mexico,true,,,
305,Burr Novakovic,bnovakovic8g@wp.com,305,Bolivia,true,,,
306,Kaylyn Rainbird,krainbird8h@shop-pro.jp,306,Sweden,false,,,
307,Emmanuel Stickland,estickland8i@linkedin.com,307,Greece,true,,,
308,Parker Housden,phousden8j@forbes.com,308,South Africa,false,,,
309,Lutero Stedman,lstedman8k@dropbox.com,309,Croatia,false,,,
310,Kennett Sirr,ksirr8l@seesaa.net,310,Malaysia,false,,,
311,Langsdon Swinfon,lswinfon8m@army.mil,311,China,false,,,
312,Edithe Kurth,ekurth8n@jalbum.net,312,Benin,false,,,
313,Xaviera Twining,xtwining8o@apple.com,313,Indonesia,true,,,
314,Carlie Dundredge,cdundredge8p@prnewswire.com,314,Chile,true,,,
315,Alene Giraudot,agiraudot8q@github.com,315,Brazil,false,,,
316,Margy Avraham,mavraham8r@gravatar.com,316,United Kingdom,true,,,
317,Kris Beartup,kbeartup8s@slate.com,317,Colombia,false,,,
318,Rockwell Edwick,redwick8t@paypal.com,318,Uzbekistan,true,,,
319,Hedvige Stroud,hstroud8u@feedburner.com,319,China,false,,,
320,Rennie Gecke,rgecke8v@biglobe.ne.jp,320,China,false,,,
321,Ondrea Goaks,ogoaks8w@mediafire.com,321,Poland,false,,,
322,Athena Vidgeon,avidgeon8x@census.gov,322,Morocco,true,,,
323,Angelico Elman,aelman8y@prlog.org,323,Colombia,false,,,
324,Lacy Ainley,lainley8z@blogger.com,324,Indonesia,true,,,
325,Prentiss Studart,pstudart90@nydailynews.com,325,Yemen,true,,,
326,Barny Arsey,barsey91@gizmodo.com,326,Russia,true,,,
327,Kerry Timperley,ktimperley92@pinterest.com,327,Russia,true,,,
328,Gordy Turbern,gturbern93@yandex.ru,328,Czech Republic,true,,,
329,Thea Edgson,tedgson94@networksolutions.com,329,China,false,,,
330,Cayla Dobbinson,cdobbinson95@mapquest.com,330,Indonesia,true,,,
331,Marina Purchase,mpurchase96@salon.com,331,France,true,,,
332,Artemus Domenichini,adomenichini97@arizona.edu,332,United Arab Emirates,false,,,
333,Nels Gullivan,ngullivan98@discovery.com,333,Ukraine,false,,,
334,Arley Meneo,ameneo99@thetimes.co.uk,334,Philippines,false,,,
335,Heinrick Udell,hudell9a@wiley.com,335,Japan,false,,,
336,Daveen Kenion,dkenion9b@behance.net,336,Russia,true,,,
337,Onfre Ingamells,oingamells9c@answers.com,337,Thailand,true,,,
338,Ursuline Furley,ufurley9d@yandex.ru,338,Pakistan,false,,,
339,Dare Blaymires,dblaymires9e@ovh.net,339,Philippines,false,,,
340,Persis Redman,predman9f@disqus.com,340,Philippines,true,,,
341,Arden Ballantyne,aballantyne9g@wunderground.com,341,Canada,false,,,
342,Rois Neenan,rneenan9h@addtoany.com,342,Finland,true,,,
343,Halley Turney,hturney9i@forbes.com,343,China,true,,,
344,Meryl Boord,mboord9j@biglobe.ne.jp,344,Russia,false,,,
345,Latrina Jolliman,ljolliman9k@opera.com,345,Russia,false,,,
346,Klarrisa Healings,khealings9l@auda.org.au,346,Russia,true,,,
347,Janis Caddens,jcaddens9m@php.net,347,Indonesia,false,,,
348,Patrica Goalley,pgoalley9n@ovh.net,348,Jordan,false,,,
349,Rose Molyneaux,rmolyneaux9o@epa.gov,349,Sweden,false,,,
350,Forster Asty,fasty9p@last.fm,350,Afghanistan,true,,,
351,Tabby Duffil,tduffil9q@icio.us,351,China,true,,,
352,Jarret Oubridge,joubridge9r@ihg.com,352,Poland,true,,,
353,Oran Corteney,ocorteney9s@hatena.ne.jp,353,Ethiopia,true,,,
354,Coop Paling,cpaling9t@guardian.co.uk,354,Brazil,true,,,
355,Nealson Conibear,nconibear9u@cdc.gov,355,China,true,,,
356,Eward Chessil,echessil9v@state.gov,356,Portugal,true,,,
357,Meriel Inch,minch9w@webnode.com,357,Indonesia,true,,,
358,Sergeant Richly,srichly9x@reference.com,358,Russia,false,,,
359,Sapphire Reschke,sreschke9y@creativecommons.org,359,Albania,true,,,
360,Nicholas Roseby,nroseby9z@youtube.com,360,Morocco,true,,,
361,Rupert Martusov,rmartusova0@wiley.com,361,China,false,,,
362,Sherlocke Horsfield,shorsfielda1@forbes.com,362,Indonesia,true,,,
363,Felipe Grigg,fgrigga2@friendfeed.com,363,Sweden,false,,,
364,Caryl Creser,ccresera3@hexun.com,364,Philippines,false,,,
365,Kingston Perrin,kperrina4@wikipedia.org,365,Czech Republic,true,,,
366,Brnaba Culham,bculhama5@netlog.com,366,Ireland,true,,,
367,Latrina Vanes,lvanesa6@webeden.co.uk,367,Indonesia,false,,,
368,Evangeline Burg,eburga7@usnews.com,368,France,false,,,
369,Boris Canape,bcanapea8@bizjournals.com,369,United States,false,,,
370,Jasun Galland,jgallanda9@hao123.com,370,Russia,true,,,
371,August Kirkup,akirkupaa@umn.edu,371,Ukraine,true,,,
372,Wendel Found,wfoundab@ow.ly,372,Kazakhstan,true,,,
373,Isabel Tierny,itiernyac@yellowbook.com,373,Mongolia,true,,,
374,Niki Covet,ncovetad@merriam-webster.com,374,Russia,false,,,
375,Morly Lamey,mlameyae@cafepress.com,375,Russia,true,,,
376,Lavina Phillipp,lphillippaf@google.fr,376,Japan,true,,,
377,Rebekkah Gatherell,rgatherellag@bloglovin.com,377,Indonesia,false,,,
378,Gaylene Rein,greinah@berkeley.edu,378,Nigeria,true,,,
379,Linell Tunnoch,ltunnochai@bing.com,379,Indonesia,false,,,
380,Robin Sturgis,rsturgisaj@mail.ru,380,Japan,false,,,
381,Hannis Lawlance,hlawlanceak@dailymotion.com,381,China,true,,,
382,Ivie Lambert-Ciorwyn,ilambertciorwynal@elegantthemes.com,382,Japan,true,,,
383,Lorinda Junkinson,ljunkinsonam@techcrunch.com,383,Armenia,true,,,
384,Rossy Linfoot,rlinfootan@yahoo.com,384,Ukraine,false,,,
385,Patricia Kall,pkallao@g.co,385,China,false,,,
386,Tabby Vedenisov,tvedenisovap@gizmodo.com,386,China,true,,,
387,Tull Wastall,twastallaq@a8.net,387,New Zealand,false,,,
388,Georgiana Cisson,gcissonar@flickr.com,388,Philippines,true,,,
389,Vanya Featley,vfeatleyas@desdev.cn,389,China,true,,,
390,Thom Kemmey,tkemmeyat@godaddy.com,390,Zambia,true,,,
391,Theadora Savill,tsavillau@dailymotion.com,391,Denmark,false,,,
392,Donall Toope,dtoopeav@census.gov,392,Democratic Republic of the Congo,false,,,
393,Melly Halesworth,mhalesworthaw@bbb.org,393,Japan,false,,,
394,Thor Lampe,tlampeax@cnn.com,394,Thailand,true,,,
395,Madelin Birley,mbirleyay@answers.com,395,China,false,,,
396,Blanca Wilman,bwilmanaz@gizmodo.com,396,China,true,,,
397,Corene Brecon,cbreconb0@rakuten.co.jp,397,Morocco,false,,,
398,Dan Emlen,demlenb1@usatoday.com,398,South Africa,false,,,
399,Graehme Normadell,gnormadellb2@over-blog.com,399,Canada,false,,,
400,Marje Yardy,myardyb3@ezinearticles.com,400,Poland,false,,,
401,Torrey Swatland,tswatlandb4@altervista.org,401,Japan,false,,,
402,Mimi Stainburn,mstainburnb5@google.co.jp,402,South Korea,false,,,
403,Annie Barthelet,abartheletb6@who.int,403,Iran,false,,,
404,Johny Foulgham,jfoulghamb7@symantec.com,404,United States,true,,,
405,Harwilll Etherson,hethersonb8@drupal.org,405,Sweden,true,,,
406,Wilfrid Julian,wjulianb9@mayoclinic.com,406,Poland,false,,,
407,Terry Landsborough,tlandsboroughba@examiner.com,407,Portugal,false,,,
408,Jephthah Brandt,jbrandtbb@canalblog.com,408,Iran,false,,,
409,Ernestine Hayen,ehayenbc@kickstarter.com,409,Indonesia,true,,,
410,Sheelah Pryke,sprykebd@flavors.me,410,China,true,,,
411,Helaina Habron,hhabronbe@craigslist.org,411,France,false,,,
412,Jaime Reape,jreapebf@livejournal.com,412,China,true,,,
413,Saloma Chung,schungbg@altervista.org,413,China,false,,,
414,Adelaida Pawlata,apawlatabh@angelfire.com,414,China,false,,,
415,Evangelina Radband,eradbandbi@360.cn,415,Indonesia,false,,,
416,Maureen Snook,msnookbj@storify.com,416,Brazil,true,,,
417,Chadd Giacomello,cgiacomellobk@dell.com,417,Uruguay,true,,,
418,Katherine Setford,ksetfordbl@usda.gov,418,Estonia,true,,,
419,Chan Scroxton,cscroxtonbm@nytimes.com,419,Philippines,false,,,
420,Alberta Derl,aderlbn@chicagotribune.com,420,Germany,false,,,
421,Nikolia Calwell,ncalwellbo@sbwire.com,421,France,true,,,
422,Barbie McDugal,bmcdugalbp@ifeng.com,422,Indonesia,true,,,
423,Mervin Ather,matherbq@kickstarter.com,423,Saudi Arabia,true,,,
424,Adiana Belfit,abelfitbr@github.com,424,Indonesia,false,,,
425,Valerye Teliga,vteligabs@godaddy.com,425,Macedonia,true,,,
426,Bert Fries,bfriesbt@latimes.com,426,Macedonia,false,,,
427,Rois Pudding,rpuddingbu@phpbb.com,427,Philippines,true,,,
428,Dar Prestie,dprestiebv@liveinternet.ru,428,Poland,false,,,
429,Ranice O'Geneay,rogeneaybw@pagesperso-orange.fr,429,Greece,true,,,
430,Denny Rowledge,drowledgebx@shop-pro.jp,430,Dominican Republic,true,,,
431,Bentlee Mulford,bmulfordby@gnu.org,431,Philippines,true,,,
432,Sibeal Libbe,slibbebz@admin.ch,432,Brazil,false,,,
433,Archibold Dartnell,adartnellc0@parallels.com,433,Malaysia,false,,,
434,Gil Blindt,gblindtc1@time.com,434,Thailand,false,,,
435,Adolph Frane,afranec2@cmu.edu,435,Russia,true,,,
436,Rodina Letherbury,rletherburyc3@wired.com,436,Angola,true,,,
437,Lotta Macvey,lmacveyc4@salon.com,437,South Korea,true,,,
438,Zackariah Elsmor,zelsmorc5@imageshack.us,438,Philippines,true,,,
439,Elene Ivanovic,eivanovicc6@cbslocal.com,439,China,false,,,
440,Liliane Highman,lhighmanc7@digg.com,440,Portugal,true,,,
441,Cesya Brixey,cbrixeyc8@netvibes.com,441,United States,true,,,
442,Ninnette Rylance,nrylancec9@freewebs.com,442,Peru,true,,,
443,Barbra Anstiss,banstissca@a8.net,443,Peru,true,,,
444,Betteanne Brik,bbrikcb@stumbleupon.com,444,Czech Republic,true,,,
445,Luci Cuesta,lcuestacc@twitter.com,445,Japan,false,,,
446,Mathian McGeneay,mmcgeneaycd@google.co.jp,446,Canada,true,,,
447,Meryl Gavigan,mgavigance@blogs.com,447,Uzbekistan,true,,,
448,Marius Stebbing,mstebbingcf@networkadvertising.org,448,Philippines,true,,,
449,Euell Capel,ecapelcg@dailymail.co.uk,449,Sri Lanka,true,,,
450,Olivia Garaway,ogarawaych@altervista.org,450,Zambia,true,,,
451,Brose Heintz,bheintzci@cbc.ca,451,Madagascar,false,,,
452,Sharon Haddrill,shaddrillcj@elpais.com,452,Indonesia,false,,,
453,Pebrook Kemshell,pkemshellck@yahoo.co.jp,453,Brazil,true,,,
454,Casandra Lillo,clillocl@pen.io,454,Kazakhstan,true,,,
455,Kassey Willavize,kwillavizecm@1und1.de,455,Moldova,false,,,
456,Thelma Gummow,tgummowcn@wp.com,456,Poland,true,,,
457,Amye Goldstone,agoldstoneco@nih.gov,457,Sweden,false,,,
458,Bartolemo Donnett,bdonnettcp@weather.com,458,China,true,,,
459,Al Ivatts,aivattscq@amazonaws.com,459,Vietnam,false,,,
460,Pollyanna Mattea,pmatteacr@parallels.com,460,Philippines,false,,,
461,Addy Guilloneau,aguilloneaucs@sourceforge.net,461,Ukraine,false,,,
462,Doralia Cripin,dcripinct@goo.ne.jp,462,Guatemala,true,,,
463,Nollie Carslaw,ncarslawcu@howstuffworks.com,463,China,true,,,
464,Saxon Holde,sholdecv@yandex.ru,464,Indonesia,false,,,
465,Des McGrann,dmcgranncw@vimeo.com,465,China,false,,,
466,Dal Killby,dkillbycx@g.co,466,Maldives,true,,,
467,Nolie Condell,ncondellcy@tiny.cc,467,Poland,true,,,
468,Pammi Livesley,plivesleycz@hubpages.com,468,Serbia,false,,,
469,Ulrikaumeko Terbrugge,uterbrugged0@aol.com,469,Ukraine,true,,,
470,Ezechiel Kenealy,ekenealyd1@yale.edu,470,Malawi,true,,,
471,Wood Pendall,wpendalld2@blinklist.com,471,Philippines,false,,,
472,Kurt Chasmoor,kchasmoord3@tamu.edu,472,Russia,true,,,
473,Gleda Corter,gcorterd4@europa.eu,473,China,true,,,
474,Donaugh Pluthero,dplutherod5@lulu.com,474,Venezuela,false,,,
475,Herbie Manus,hmanusd6@guardian.co.uk,475,Brazil,false,,,
476,Antonella Brandes,abrandesd7@amazon.de,476,Indonesia,false,,,
477,Farris Rableau,frableaud8@unicef.org,477,Peru,true,,,
478,Constanta Callway,ccallwayd9@alibaba.com,478,Sweden,true,,,
479,Caitrin Celle,ccelleda@dropbox.com,479,Canada,false,,,
480,Jocelin Ladley,jladleydb@google.ca,480,Jamaica,false,,,
481,Arnaldo Belding,abeldingdc@va.gov,481,Ireland,true,,,
482,Kirbie Carrane,kcarranedd@nymag.com,482,China,false,,,
483,Filbert Dearness,fdearnessde@guardian.co.uk,483,Laos,false,,,
484,Kearney Bodycomb,kbodycombdf@rediff.com,484,China,true,,,
485,Paco Skerman,pskermandg@pinterest.com,485,Brazil,true,,,
486,Gay Craze,gcrazedh@ifeng.com,486,Syria,true,,,
487,Iorgo Giscken,igisckendi@about.com,487,China,true,,,
488,Brandy Dumbare,bdumbaredj@fc2.com,488,China,false,,,
489,Marinna Korbmaker,mkorbmakerdk@sun.com,489,Indonesia,true,,,
490,Kelsy Mair,kmairdl@hexun.com,490,Kosovo,false,,,
491,Sayre McDuffy,smcduffydm@phpbb.com,491,Poland,true,,,
492,Dermot Flett,dflettdn@nationalgeographic.com,492,Russia,true,,,
493,Jamesy Collinette,jcollinettedo@ow.ly,493,Greece,true,,,
494,Theresa Maass,tmaassdp@ehow.com,494,Portugal,false,,,
495,Gregorius Tsarovic,gtsarovicdq@columbia.edu,495,Portugal,false,,,
496,Torre Tather,ttatherdr@blinklist.com,496,Guatemala,false,,,
497,Christy Whatsize,cwhatsizeds@google.de,497,Indonesia,true,,,
498,Colas Kyston,ckystondt@shop-pro.jp,498,Indonesia,true,,,
499,Analiese Adamowitz,aadamowitzdu@discuz.net,499,Brazil,true,,,
500,Laure Vanstone,lvanstonedv@yellowbook.com,500,China,false,,,
501,Sonja Macenzy,smacenzydw@marriott.com,501,Indonesia,false,,,
502,Moses Tattam,mtattamdx@webs.com,502,Macedonia,true,,,
503,Benito Ayers,bayersdy@lulu.com,503,Chad,true,,,
504,Ray Elphick,relphickdz@columbia.edu,504,Russia,false,,,
505,Kathryne Coytes,kcoytese0@comsenz.com,505,China,true,,,
506,Adah Statefield,astatefielde1@smugmug.com,506,Russia,true,,,
507,Vida Wescott,vwescotte2@psu.edu,507,Morocco,false,,,
508,Daphne Valder,dvaldere3@bbc.co.uk,508,Guatemala,true,,,
509,Earle Gauntley,egauntleye4@imdb.com,509,China,false,,,
510,Audry Leeburn,aleeburne5@blogtalkradio.com,510,Poland,false,,,
511,Dare Panting,dpantinge6@house.gov,511,South Africa,true,,,
512,Heriberto Shoulder,hshouldere7@globo.com,512,Hungary,false,,,
513,Rusty Tither,rtithere8@hp.com,513,Russia,false,,,
514,Elwin Fitzsimons,efitzsimonse9@multiply.com,514,China,false,,,
515,Shara Wensley,swensleyea@merriam-webster.com,515,Norway,false,,,
516,Kimberli Tesmond,ktesmondeb@forbes.com,516,Honduras,false,,,
517,Riane McMeekin,rmcmeekinec@usatoday.com,517,Ukraine,true,,,
518,Devy Bainton,dbaintoned@pcworld.com,518,Croatia,true,,,
519,Beverly Lovelock,blovelockee@free.fr,519,China,true,,,
520,Katie Allston,kallstonef@wikispaces.com,520,Indonesia,true,,,
521,Clint Maharey,cmahareyeg@diigo.com,521,Russia,false,,,
522,Lorens Seeking,lseekingeh@ftc.gov,522,Madagascar,true,,,
523,Silvio Webben,swebbenei@mit.edu,523,French Polynesia,false,,,
524,Georg Yeeles,gyeelesej@gmpg.org,524,China,false,,,
525,Theresa Rupprecht,trupprechtek@eventbrite.com,525,Greece,true,,,
526,Teddi Lefort,tlefortel@techcrunch.com,526,Philippines,false,,,
527,Velvet Wreak,vwreakem@mapy.cz,527,Peru,true,,,
528,Floris Hamerton,fhamertonen@whitehouse.gov,528,Peru,false,,,
529,Billie Posvner,bposvnereo@cafepress.com,529,Czech Republic,false,,,
530,Gretna Hancox,ghancoxep@imgur.com,530,Portugal,false,,,
531,Starlin Petrasso,spetrassoeq@chron.com,531,Russia,false,,,
532,Lizette Blancowe,lblancoweer@acquirethisname.com,532,France,false,,,
533,See Nottram,snottrames@state.tx.us,533,China,false,,,
534,Benedicta Raggatt,braggattet@state.gov,534,China,false,,,
535,Mose Gibling,mgiblingeu@ow.ly,535,China,false,,,
536,Brit Cars,bcarsev@qq.com,536,Indonesia,true,,,
537,Shena Rigts,srigtsew@thetimes.co.uk,537,Indonesia,true,,,
538,Drucy Carlyle,dcarlyleex@about.me,538,China,true,,,
539,Vladamir Behnecken,vbehneckeney@technorati.com,539,Russia,true,,,
540,Yankee Pannaman,ypannamanez@imgur.com,540,Indonesia,false,,,
541,Felix Croft,fcroftf0@narod.ru,541,Indonesia,true,,,
542,Bianca Caddock,bcaddockf1@columbia.edu,542,Russia,true,,,
543,Brandy McJury,bmcjuryf2@geocities.com,543,United States,true,,,
544,Andros Teesdale,ateesdalef3@technorati.com,544,Philippines,true,,,
545,Hakim Bruntje,hbruntjef4@unblog.fr,545,Egypt,false,,,
546,Rafaello Twinborough,rtwinboroughf5@gmpg.org,546,Russia,true,,,
547,Birch Demongeot,bdemongeotf6@indiegogo.com,547,Indonesia,false,,,
548,Robert Borchardt,rborchardtf7@mashable.com,548,Poland,false,,,
549,Florida Maypother,fmaypotherf8@pcworld.com,549,Madagascar,false,,,
550,Jamesy Blodget,jblodgetf9@myspace.com,550,Philippines,true,,,
551,Yorke Garry,ygarryfa@smugmug.com,551,Denmark,true,,,
552,Foster Tuerena,ftuerenafb@zimbio.com,552,Sweden,true,,,
553,Derry Barbary,dbarbaryfc@wufoo.com,553,Ireland,true,,,
554,Traci Broadwell,tbroadwellfd@upenn.edu,554,Thailand,false,,,
555,Obadias Myott,omyottfe@vkontakte.ru,555,Cuba,false,,,
556,Anatollo Stennine,astennineff@networksolutions.com,556,China,true,,,
557,Ingeborg Balding,ibaldingfg@prweb.com,557,Uzbekistan,true,,,
558,Carine Vanderson,cvandersonfh@sciencedaily.com,558,Russia,false,,,
559,Ernestus Pibsworth,epibsworthfi@cafepress.com,559,China,true,,,
560,Cornela Bauer,cbauerfj@feedburner.com,560,Philippines,false,,,
561,Cammie Legges,cleggesfk@godaddy.com,561,China,false,,,
562,Corinna Kobsch,ckobschfl@ucoz.ru,562,China,true,,,
563,Felicio Ranscombe,franscombefm@prlog.org,563,Germany,true,,,
564,Jonell Meekings,jmeekingsfn@illinois.edu,564,Ukraine,false,,,
565,Granville Bearfoot,gbearfootfo@delicious.com,565,Russia,false,,,
566,Daphna Sawle,dsawlefp@cyberchimps.com,566,Czech Republic,false,,,
567,Madelina Proffitt,mproffittfq@craigslist.org,567,Peru,true,,,
568,Boycie Obington,bobingtonfr@tamu.edu,568,Croatia,true,,,
569,Redd Ring,rringfs@smh.com.au,569,Japan,true,,,
570,Roley Clapton,rclaptonft@acquirethisname.com,570,Iran,false,,,
571,Jory Killough,jkilloughfu@bigcartel.com,571,Egypt,false,,,
572,Dacia Greenstock,dgreenstockfv@aol.com,572,Vietnam,false,,,
573,Mary Whieldon,mwhieldonfw@xinhuanet.com,573,Poland,false,,,
574,Cherlyn Hush,chushfx@slashdot.org,574,France,false,,,
575,Odie Wynrahame,owynrahamefy@networkadvertising.org,575,Bosnia and Herzegovina,false,,,
576,Reube MacComiskey,rmaccomiskeyfz@ustream.tv,576,Russia,true,,,
577,Bell Lowten,blowteng0@soup.io,577,South Africa,true,,,
578,Herc Scouler,hscoulerg1@com.com,578,China,true,,,
579,Margarita Curd,mcurdg2@i2i.jp,579,Cyprus,true,,,
580,Adelaida Blenkhorn,ablenkhorng3@cafepress.com,580,Kazakhstan,true,,,
581,Mireielle Addicote,maddicoteg4@sohu.com,581,France,true,,,
582,Sig Tunniclisse,stunniclisseg5@nba.com,582,Indonesia,true,,,
583,Calley Ligerton,cligertong6@ning.com,583,China,false,,,
584,Ardenia Blackney,ablackneyg7@theatlantic.com,584,Serbia,false,,,
585,Micki Malham,mmalhamg8@geocities.jp,585,Philippines,false,,,
586,Jesse Scoates,jscoatesg9@nymag.com,586,Russia,false,,,
587,Hymie Peniman,hpenimanga@issuu.com,587,Philippines,true,,,
588,Georgy Pardue,gparduegb@house.gov,588,Saint Martin,true,,,
589,Sib Eallis,seallisgc@printfriendly.com,589,Thailand,true,,,
590,Sarajane Kinnach,skinnachgd@slate.com,590,China,false,,,
591,Thedrick Tomasian,ttomasiange@mail.ru,591,France,true,,,
592,Stephen Tams,stamsgf@adobe.com,592,Denmark,false,,,
593,Pavlov Perford,pperfordgg@whitehouse.gov,593,Indonesia,false,,,
594,Isa Oakwood,ioakwoodgh@imdb.com,594,Italy,false,,,
595,Therine Desvignes,tdesvignesgi@upenn.edu,595,Armenia,false,,,
596,Dennis Beetham,dbeethamgj@ehow.com,596,Indonesia,true,,,
597,Jessica Duggen,jduggengk@state.tx.us,597,China,false,,,
598,Inglis Cauldfield,icauldfieldgl@reddit.com,598,Nigeria,false,,,
599,Anne-corinne Delacoste,adelacostegm@mediafire.com,599,Philippines,false,,,
600,Willdon Fine,wfinegn@ed.gov,600,Serbia,false,,,
601,Desi Silvermann,dsilvermanngo@ca.gov,601,Thailand,false,,,
602,Nessi Skillett,nskillettgp@narod.ru,602,Bolivia,false,,,
603,Harmony Roxbee,hroxbeegq@spiegel.de,603,China,false,,,
604,Grover Mushart,gmushartgr@ifeng.com,604,Indonesia,true,,,
605,Filmer Headrick,fheadrickgs@imgur.com,605,China,false,,,
606,Alfonso Fountain,afountaingt@reuters.com,606,Honduras,true,,,
607,Ardisj Lochhead,alochheadgu@people.com.cn,607,Portugal,true,,,
608,Kalil Huws,khuwsgv@printfriendly.com,608,Portugal,true,,,
609,Arielle Ellgood,aellgoodgw@cdc.gov,609,Indonesia,true,,,
610,Irita Dunnet,idunnetgx@w3.org,610,France,true,,,
611,Madalyn Daysh,mdayshgy@sfgate.com,611,Afghanistan,true,,,
612,Breena Cockren,bcockrengz@stumbleupon.com,612,Poland,true,,,
613,Wilt Warcup,wwarcuph0@pagesperso-orange.fr,613,Japan,true,,,
614,Francklyn Scibsey,fscibseyh1@mozilla.org,614,Cuba,true,,,
615,Ruy Stealfox,rstealfoxh2@ocn.ne.jp,615,Philippines,false,,,
616,Stacee Mackness,smacknessh3@marriott.com,616,Peru,false,,,
617,Ashlie Graver,agraverh4@rambler.ru,617,Peru,true,,,
618,Torin Guerri,tguerrih5@shop-pro.jp,618,Indonesia,true,,,
619,Sosanna Gosnoll,sgosnollh6@wsj.com,619,China,false,,,
620,Ainsley Rennicks,arennicksh7@webnode.com,620,Sweden,false,,,
621,Durante Raffels,draffelsh8@ebay.co.uk,621,Brazil,false,,,
622,Husain Vurley,hvurleyh9@marriott.com,622,United States,false,,,
623,Eartha Edeler,eedelerha@aboutads.info,623,France,true,,,
624,Carolyne Blackham,cblackhamhb@ocn.ne.jp,624,China,true,,,
625,Carmelle Edy,cedyhc@amazonaws.com,625,China,true,,,
626,Gasparo Rosendahl,grosendahlhd@yahoo.co.jp,626,Uruguay,true,,,
627,Tobe Gaymar,tgaymarhe@printfriendly.com,627,Canada,false,,,
628,Nadine Keary,nkearyhf@google.co.jp,628,Philippines,false,,,
629,Kristel Derr,kderrhg@godaddy.com,629,China,false,,,
630,Maximilianus Holtham,mholthamhh@ed.gov,630,China,false,,,
631,Marjory Melpuss,mmelpusshi@purevolume.com,631,Portugal,true,,,
632,Chane Paulton,cpaultonhj@soundcloud.com,632,Israel,true,,,
633,Gun McGrath,gmcgrathhk@csmonitor.com,633,South Korea,false,,,
634,Briggs Plows,bplowshl@disqus.com,634,Indonesia,false,,,
635,Alphonso De Hooge,adehm@slashdot.org,635,Russia,false,,,
636,Cathyleen Dirr,cdirrhn@wikispaces.com,636,Thailand,true,,,
637,Ossie Abrahamsen,oabrahamsenho@wunderground.com,637,Indonesia,false,,,
638,Beckie Solomonides,bsolomonideshp@unblog.fr,638,France,false,,,
639,Hammad Barfield,hbarfieldhq@bloglovin.com,639,United States,true,,,
640,Munroe Brownlie,mbrownliehr@amazon.co.jp,640,Russia,false,,,
641,Abner Haggarth,ahaggarthhs@netscape.com,641,Indonesia,false,,,
642,Corella Sheed,csheedht@cbslocal.com,642,Turkmenistan,false,,,
643,Albie Mowbray,amowbrayhu@bizjournals.com,643,Tajikistan,false,,,
644,Phebe Lahive,plahivehv@live.com,644,Indonesia,false,,,
645,Mike Halbert,mhalberthw@eepurl.com,645,China,false,,,
646,Wrennie Rochewell,wrochewellhx@hexun.com,646,Russia,true,,,
647,Jany Dach,jdachhy@ehow.com,647,Indonesia,false,,,
648,Marla Lugsdin,mlugsdinhz@github.io,648,China,false,,,
649,Egan Buss,ebussi0@moonfruit.com,649,United States,false,,,
650,Rey Higgen,rhiggeni1@unicef.org,650,Philippines,false,,,
651,Tucky Kilbourne,tkilbournei2@symantec.com,651,Russia,true,,,
652,Darnall Thirst,dthirsti3@statcounter.com,652,Syria,false,,,
653,Melamie Bambury,mbamburyi4@aboutads.info,653,France,false,,,
654,Stefania Woodsford,swoodsfordi5@eepurl.com,654,Norway,true,,,
655,Warden Longmuir,wlongmuiri6@cloudflare.com,655,Malawi,false,,,
656,Sileas Durbin,sdurbini7@blogspot.com,656,Brazil,false,,,
657,Fulton Crispin,fcrispini8@wikispaces.com,657,Indonesia,true,,,
658,Andres Doody,adoodyi9@nytimes.com,658,Poland,false,,,
659,Amil Pitbladdo,apitbladdoia@dmoz.org,659,Philippines,true,,,
660,Hester Charrisson,hcharrissonib@plala.or.jp,660,Ireland,true,,,
661,Loralee Killelay,lkillelayic@4shared.com,661,Indonesia,true,,,
662,Del Pryke,dprykeid@prnewswire.com,662,Cambodia,true,,,
663,Emily Brettoner,ebrettonerie@xinhuanet.com,663,China,false,,,
664,Cathe Yurocjkin,cyurocjkinif@angelfire.com,664,China,true,,,
665,Essy Scannell,escannellig@eventbrite.com,665,China,true,,,
666,Noell Plowell,nplowellih@nytimes.com,666,Tunisia,true,,,
667,Antony Penny,apennyii@tiny.cc,667,South Korea,true,,,
668,Roshelle McTrustey,rmctrusteyij@sina.com.cn,668,Zimbabwe,true,,,
669,Gan Frick,gfrickik@businessinsider.com,669,China,false,,,
670,Cleopatra MacGillacolm,cmacgillacolmil@reddit.com,670,Indonesia,true,,,
671,Lani Cobello,lcobelloim@usgs.gov,671,China,false,,,
672,Halsy Heinicke,hheinickein@google.fr,672,Armenia,false,,,
673,Jard Latek,jlatekio@oakley.com,673,Indonesia,true,,,
674,Worth Digan,wdiganip@a8.net,674,Bulgaria,true,,,
675,Cherrita Donohoe,cdonohoeiq@nsw.gov.au,675,Indonesia,false,,,
676,Trina Dart,tdartir@hibu.com,676,Philippines,false,,,
677,Teddy Scroggs,tscroggsis@vk.com,677,Puerto Rico,true,,,
678,Kylie Dightham,kdighthamit@nifty.com,678,Georgia,true,,,
679,Alicea Menghi,amenghiiu@drupal.org,679,United States,false,,,
680,Otis Van der Son,ovaniv@ycombinator.com,680,China,true,,,
681,Corny Skermer,cskermeriw@bbc.co.uk,681,Iran,true,,,
682,Jodi Punchard,jpunchardix@weather.com,682,Indonesia,true,,,
683,Cybil Kryzhov,ckryzhoviy@house.gov,683,Venezuela,false,,,
684,Jyoti Caplen,jcapleniz@usgs.gov,684,Philippines,false,,,
685,Marchelle Rookesby,mrookesbyj0@cnet.com,685,Argentina,false,,,
686,Joey Monckman,jmonckmanj1@tiny.cc,686,Indonesia,false,,,
687,Clerc Udy,cudyj2@creativecommons.org,687,Thailand,true,,,
688,Tani Scading,tscadingj3@plala.or.jp,688,China,true,,,
689,Damiano Newens,dnewensj4@t.co,689,Poland,false,,,
690,Geoff Thing,gthingj5@free.fr,690,Indonesia,false,,,
691,Irma Rumsby,irumsbyj6@cdc.gov,691,Laos,false,,,
692,Riobard Dickin,rdickinj7@rakuten.co.jp,692,Finland,false,,,
693,Obadias Slatten,oslattenj8@feedburner.com,693,Madagascar,false,,,
694,Fredric Kasting,fkastingj9@tuttocitta.it,694,Indonesia,false,,,
695,Dorthy Checkley,dcheckleyja@wikispaces.com,695,Belarus,true,,,
696,Dean Muzzall,dmuzzalljb@about.me,696,China,false,,,
697,Louise Christoffels,lchristoffelsjc@wikipedia.org,697,Cuba,false,,,
698,Andrei Maymand,amaymandjd@forbes.com,698,Poland,false,,,
699,Susannah Whiterod,swhiterodje@example.com,699,Namibia,true,,,
700,Justine Pullan,jpullanjf@jigsy.com,700,Mauritius,true,,,
701,Robbie Robeson,rrobesonjg@answers.com,701,China,false,,,
702,Kalvin Brunker,kbrunkerjh@amazon.co.uk,702,Indonesia,false,,,
703,Minny Tettersell,mtettersellji@examiner.com,703,Peru,true,,,
704,Carrie Beasleigh,cbeasleighjj@sitemeter.com,704,Philippines,false,,,
705,Sharia Stannis,sstannisjk@ifeng.com,705,Portugal,true,,,
706,Noami MacRedmond,nmacredmondjl@acquirethisname.com,706,China,false,,,
707,Heloise Hookes,hhookesjm@drupal.org,707,Philippines,true,,,
708,Mata Roseman,mrosemanjn@latimes.com,708,China,false,,,
709,Torrey McNicol,tmcnicoljo@ovh.net,709,China,false,,,
710,Flem Lyptrade,flyptradejp@ehow.com,710,Sweden,true,,,
711,Dominic Heeley,dheeleyjq@telegraph.co.uk,711,Indonesia,false,,,
712,Ameline Winscom,awinscomjr@google.com,712,Portugal,true,,,
713,Dominik Koopman,dkoopmanjs@cloudflare.com,713,France,false,,,
714,Gene Dudbridge,gdudbridgejt@netvibes.com,714,China,true,,,
715,Dominique Shooter,dshooterju@shareasale.com,715,China,false,,,
716,Rina Horlock,rhorlockjv@macromedia.com,716,Argentina,true,,,
717,Colan Harcase,charcasejw@elegantthemes.com,717,Indonesia,true,,,
718,Salomon Stoyles,sstoylesjx@hao123.com,718,China,false,,,
719,Barbe Tumility,btumilityjy@sitemeter.com,719,Portugal,true,,,
720,Domingo Moisey,dmoiseyjz@mac.com,720,Germany,true,,,
721,Annie Carbin,acarbink0@printfriendly.com,721,Russia,false,,,
722,Otto Marmon,omarmonk1@dedecms.com,722,Croatia,true,,,
723,Mechelle Antal,mantalk2@usda.gov,723,Argentina,true,,,
724,Ellerey Hankard,ehankardk3@google.cn,724,Portugal,false,,,
725,Daffie Segrave,dsegravek4@paypal.com,725,Ukraine,true,,,
726,Kimberli Mark,kmarkk5@sciencedaily.com,726,France,false,,,
727,Olav Keemar,okeemark6@google.es,727,Indonesia,false,,,
728,Joela Jodrelle,jjodrellek7@businessweek.com,728,China,true,,,
729,Orlan Quinnell,oquinnellk8@e-recht24.de,729,Philippines,false,,,
730,Junia Deme,jdemek9@sourceforge.net,730,China,true,,,
731,Crista Hews,chewska@bravesites.com,731,Philippines,false,,,
732,Kathryne Hughs,khughskb@microsoft.com,732,China,false,,,
733,Wallace Gallimore,wgallimorekc@miibeian.gov.cn,733,Germany,false,,,
734,Bond Phelp,bphelpkd@eepurl.com,734,Russia,true,,,
735,Glenn Braine,gbraineke@fotki.com,735,Australia,false,,,
736,Ladonna Telling,ltellingkf@fotki.com,736,China,true,,,
737,Flossie Oehm,foehmkg@networkadvertising.org,737,Greece,false,,,
738,Alphonso Momery,amomerykh@moonfruit.com,738,Indonesia,false,,,
739,Sunny Kinnear,skinnearki@smh.com.au,739,Poland,true,,,
740,Lacee Cahillane,lcahillanekj@adobe.com,740,Botswana,true,,,
741,Gwenore Pachta,gpachtakk@soundcloud.com,741,Paraguay,true,,,
742,Halette Axtonne,haxtonnekl@amazon.com,742,Portugal,false,,,
743,Ike Acory,iacorykm@linkedin.com,743,Macedonia,true,,,
744,Tallia Gronous,tgronouskn@columbia.edu,744,Mayotte,false,,,
745,Matilde Jarrard,mjarrardko@sciencedaily.com,745,Kazakhstan,true,,,
746,Tadeas Dahlberg,tdahlbergkp@webeden.co.uk,746,Serbia,true,,,
747,Cristie Perrington,cperringtonkq@ft.com,747,Indonesia,false,,,
748,Bren Epdell,bepdellkr@economist.com,748,Bulgaria,false,,,
749,Brita Reaney,breaneyks@angelfire.com,749,Russia,true,,,
750,Gertie McGibbon,gmcgibbonkt@spiegel.de,750,Venezuela,false,,,
751,Rodney Petkens,rpetkensku@etsy.com,751,United States,false,,,
752,Chilton Fitzmaurice,cfitzmauricekv@msu.edu,752,Poland,false,,,
753,Thornie Ivamy,tivamykw@topsy.com,753,United States,true,,,
754,Robin Houdhury,rhoudhurykx@pcworld.com,754,France,true,,,
755,Aarika Brosel,abroselky@dedecms.com,755,Japan,false,,,
756,Nanine Annon,nannonkz@gmpg.org,756,Philippines,true,,,
757,Alaric Mathie,amathiel0@ftc.gov,757,Belarus,true,,,
758,Agretha Atton,aattonl1@macromedia.com,758,Russia,false,,,
759,Sarette Bockmann,sbockmannl2@about.com,759,Portugal,false,,,
760,Silvano Rottenbury,srottenburyl3@kickstarter.com,760,Colombia,false,,,
761,Arvin Masdin,amasdinl4@columbia.edu,761,Malaysia,false,,,
762,Janine Isgate,jisgatel5@list-manage.com,762,Mongolia,false,,,
763,Marline Hackley,mhackleyl6@jimdo.com,763,Argentina,false,,,
764,Valentine Meert,vmeertl7@archive.org,764,China,true,,,
765,Martguerita Pyett,mpyettl8@sourceforge.net,765,Finland,false,,,
766,Ed Soanes,esoanesl9@europa.eu,766,China,true,,,
767,Tammy Swanson,tswansonla@hugedomains.com,767,Indonesia,false,,,
768,Franz Dyster,fdysterlb@google.ca,768,Finland,false,,,
769,Idette Gero,igerolc@tripadvisor.com,769,Brazil,true,,,
770,Archer Goscomb,agoscombld@bbc.co.uk,770,Argentina,false,,,
771,Nickie Rengger,nrenggerle@vinaora.com,771,Brazil,false,,,
772,Rena Churchman,rchurchmanlf@paginegialle.it,772,Ukraine,true,,,
773,Raye Pymer,rpymerlg@apache.org,773,Netherlands,false,,,
774,Leland Ickov,lickovlh@japanpost.jp,774,Sweden,false,,,
775,Olivier Thorneley,othorneleyli@furl.net,775,Vietnam,false,,,
776,Horatius Kyd,hkydlj@army.mil,776,China,true,,,
777,Jeniffer Prydden,jpryddenlk@lulu.com,777,China,true,,,
778,Farrel Tebbitt,ftebbittll@yellowpages.com,778,Belarus,true,,,
779,Stephani Satyford,ssatyfordlm@digg.com,779,Greece,false,,,
780,Craggy Terrill,cterrillln@vinaora.com,780,Brazil,false,,,
781,Gaelan Woodson,gwoodsonlo@woothemes.com,781,Nigeria,false,,,
782,Valene Sollowaye,vsollowayelp@flickr.com,782,Norway,true,,,
783,Gawain Thomasson,gthomassonlq@cbsnews.com,783,Russia,false,,,
784,Jacqueline Balharrie,jbalharrielr@hud.gov,784,Georgia,false,,,
785,Rollin Pallasch,rpallaschls@reddit.com,785,Indonesia,false,,,
786,Germain Pimmocke,gpimmockelt@go.com,786,China,false,,,
787,Otto Openshaw,oopenshawlu@kickstarter.com,787,Chile,true,,,
788,Sharleen Glaister,sglaisterlv@woothemes.com,788,Brazil,false,,,
789,Korrie Simkin,ksimkinlw@ucoz.ru,789,China,false,,,
790,Kenneth Bouller,kboullerlx@webeden.co.uk,790,Ecuador,true,,,
791,Kip Boutellier,kboutellierly@hexun.com,791,Ukraine,false,,,
792,Farley Swainson,fswainsonlz@instagram.com,792,Indonesia,false,,,
793,Urbain Arrowsmith,uarrowsmithm0@phpbb.com,793,Brazil,true,,,
794,Ferd Kettle,fkettlem1@ameblo.jp,794,Sweden,false,,,
795,Adina Seeviour,aseeviourm2@fema.gov,795,Russia,true,,,
796,Ulrike Lesser,ulesserm3@github.io,796,China,true,,,
797,Diane Dorning,ddorningm4@mac.com,797,North Korea,true,,,
798,Elise Kohn,ekohnm5@intel.com,798,France,false,,,
799,Billie Karpenko,bkarpenkom6@shop-pro.jp,799,Ecuador,false,,,
800,Skip McCormick,smccormickm7@economist.com,800,Philippines,true,,,
801,Shandy Souch,ssouchm8@w3.org,801,Poland,true,,,
802,Red Titheridge,rtitheridgem9@ucla.edu,802,Belarus,true,,,
803,Gabrielle Cobley,gcobleyma@goo.gl,803,Pakistan,true,,,
804,Kathryn Cambell,kcambellmb@un.org,804,Peru,true,,,
805,Oralla Ipsly,oipslymc@java.com,805,China,true,,,
806,Pennie Kitteringham,pkitteringhammd@goo.ne.jp,806,Ukraine,true,,,
807,Danica Girsch,dgirschme@wunderground.com,807,Brazil,true,,,
808,Rose Beck,rbeckmf@tiny.cc,808,Central African Republic,true,,,
809,Gwennie Pass,gpassmg@cocolog-nifty.com,809,Czech Republic,true,,,
810,Kellen Cockram,kcockrammh@cam.ac.uk,810,China,true,,,
811,Camel Goodison,cgoodisonmi@elpais.com,811,Greece,false,,,
812,Tamra Life,tlifemj@1688.com,812,Indonesia,true,,,
813,Kore Aukland,kauklandmk@phoca.cz,813,Poland,true,,,
814,Sharona Finney,sfinneyml@ifeng.com,814,China,false,,,
815,Terrence Tatters,ttattersmm@businesswire.com,815,Russia,true,,,
816,Otes McAlees,omcaleesmn@wunderground.com,816,China,true,,,
817,Dorie Priddle,dpriddlemo@nyu.edu,817,Japan,false,,,
818,Jerad Golton,jgoltonmp@vistaprint.com,818,France,false,,,
819,Bria Fearn,bfearnmq@opensource.org,819,Indonesia,true,,,
820,Shell Montford,smontfordmr@statcounter.com,820,Indonesia,true,,,
821,Orren Aronstam,oaronstamms@barnesandnoble.com,821,New Zealand,true,,,
822,Ofelia Broose,obroosemt@vk.com,822,Mali,false,,,
823,Brandyn Gladstone,bgladstonemu@hc360.com,823,Indonesia,true,,,
824,Murry Aiton,maitonmv@vistaprint.com,824,China,true,,,
825,Drusi Cowburn,dcowburnmw@nba.com,825,Tunisia,true,,,
826,Selestina Currom,scurrommx@indiatimes.com,826,China,true,,,
827,Kessia Gozzard,kgozzardmy@hatena.ne.jp,827,Philippines,true,,,
828,Courtenay Presdee,cpresdeemz@alibaba.com,828,Albania,true,,,
829,Nixie Hardingham,nhardinghamn0@ucoz.com,829,Canada,false,,,
830,Amandi Ditzel,aditzeln1@oakley.com,830,Colombia,false,,,
831,Lauraine Ingles,linglesn2@blogspot.com,831,China,false,,,
832,Elsa Widd,ewiddn3@jiathis.com,832,China,false,,,
833,Edgard McMichan,emcmichann4@cloudflare.com,833,Portugal,false,,,
834,Gardener Arnhold,garnholdn5@microsoft.com,834,China,false,,,
835,Ellery Josebury,ejoseburyn6@stumbleupon.com,835,Ukraine,false,,,
836,Benny Gilhouley,bgilhouleyn7@reuters.com,836,Bolivia,false,,,
837,Karry Heino,kheinon8@theglobeandmail.com,837,Brazil,true,,,
838,Marco Weth,mwethn9@baidu.com,838,China,false,,,
839,Templeton Cominello,tcominellona@fotki.com,839,Russia,false,,,
840,Shelia Seamer,sseamernb@businessinsider.com,840,Burkina Faso,false,,,
841,Kenyon MacAnulty,kmacanultync@wordpress.org,841,Russia,true,,,
842,Loydie Egdal,legdalnd@msn.com,842,Indonesia,true,,,
843,Merl Ansley,mansleyne@wikispaces.com,843,Indonesia,false,,,
844,Dunn Jimmes,djimmesnf@slideshare.net,844,Bulgaria,false,,,
845,Quinn Marginson,qmarginsonng@fotki.com,845,Egypt,false,,,
846,Emiline McBlain,emcblainnh@nationalgeographic.com,846,Poland,false,,,
847,Padraig Dudding,pduddingni@utexas.edu,847,China,false,,,
848,Latrena Triswell,ltriswellnj@dot.gov,848,Portugal,false,,,
849,Theodosia Duddan,tduddannk@washington.edu,849,Colombia,false,,,
850,Ezmeralda Hartegan,ehartegannl@chronoengine.com,850,United States,false,,,
851,Nyssa Casol,ncasolnm@icq.com,851,China,true,,,
852,Charlot Allabarton,callabartonnn@elegantthemes.com,852,Peru,false,,,
853,Kacy Critchell,kcritchellno@amazonaws.com,853,Philippines,true,,,
854,Beatrix Jorge,bjorgenp@reference.com,854,Latvia,false,,,
855,Xylia Toe,xtoenq@go.com,855,Ecuador,false,,,
856,Thea Maharg,tmahargnr@census.gov,856,Colombia,true,,,
857,Mufi Wishkar,mwishkarns@oracle.com,857,United States,false,,,
858,Effie Dumini,eduminint@nifty.com,858,Portugal,true,,,
859,Jennee Ion,jionnu@topsy.com,859,Philippines,false,,,
860,Melissa Willard,mwillardnv@shutterfly.com,860,Peru,true,,,
861,Dara Glauber,dglaubernw@google.com.hk,861,Dominican Republic,true,,,
862,Halley Dumphy,hdumphynx@mail.ru,862,Brazil,false,,,
863,Constancy Torrecilla,ctorrecillany@photobucket.com,863,Philippines,false,,,
864,Joy Margett,jmargettnz@usda.gov,864,Cyprus,true,,,
865,Annabell Rumming,arummingo0@loc.gov,865,Russia,false,,,
866,Sharyl Chuney,schuneyo1@phoca.cz,866,Argentina,false,,,
867,Melantha Frowen,mfroweno2@webnode.com,867,Russia,false,,,
868,Arleyne Spivey,aspiveyo3@mashable.com,868,Indonesia,false,,,
869,Donica Kennford,dkennfordo4@is.gd,869,Jordan,false,,,
870,Thomasina Gilliat,tgilliato5@ibm.com,870,China,true,,,
871,Evangelia Kenwrick,ekenwricko6@tuttocitta.it,871,Venezuela,true,,,
872,Bryan Baiyle,bbaiyleo7@slashdot.org,872,Russia,true,,,
873,Raoul Seldon,rseldono8@dailymotion.com,873,Peru,false,,,
874,Conrado Voller,cvollero9@census.gov,874,Indonesia,false,,,
875,Guglielmo Willder,gwillderoa@eepurl.com,875,Peru,false,,,
876,Bendick Sarton,bsartonob@freewebs.com,876,Nicaragua,false,,,
877,Alta Boyce,aboyceoc@squidoo.com,877,Brazil,true,,,
878,Hildegarde Breznovic,hbreznovicod@dion.ne.jp,878,Dominican Republic,true,,,
879,Denna Lapsley,dlapsleyoe@google.ru,879,Indonesia,true,,,
880,Gertrudis Simmon,gsimmonof@ft.com,880,Japan,false,,,
881,Liane Weale,lwealeog@trellian.com,881,Portugal,false,,,
882,Nikaniki Berrigan,nberriganoh@prlog.org,882,Indonesia,false,,,
883,Vinni Cornford,vcornfordoi@nyu.edu,883,China,false,,,
884,Anstice Rutland,arutlandoj@google.co.jp,884,Russia,false,,,
885,Joachim Johnsson,jjohnssonok@icq.com,885,United States,false,,,
886,Gordan Harlett,gharlettol@msu.edu,886,Lebanon,true,,,
887,Dare Beltzner,dbeltznerom@home.pl,887,Russia,false,,,
888,Kerrin Rosenthaler,krosenthaleron@sciencedaily.com,888,Kazakhstan,true,,,
889,Kimberli Jime,kjimeoo@google.ru,889,China,false,,,
890,Moll Ponde,mpondeop@friendfeed.com,890,Syria,false,,,
891,Wyn Haxell,whaxelloq@latimes.com,891,Armenia,false,,,
892,Kim Cowill,kcowillor@who.int,892,China,false,,,
893,Delores Towle,dtowleos@google.ru,893,Cameroon,false,,,
894,Tyne Lewsam,tlewsamot@usgs.gov,894,China,true,,,
895,Marcello Fibbings,mfibbingsou@stanford.edu,895,Japan,false,,,
896,Derrik Linforth,dlinforthov@51.la,896,Philippines,true,,,
897,Quinlan Vain,qvainow@microsoft.com,897,China,true,,,
898,Bethanne Laxe,blaxeox@phoca.cz,898,Japan,true,,,
899,Carmina Fereday,cferedayoy@meetup.com,899,China,true,,,
900,Eve D'Souza,edsouzaoz@japanpost.jp,900,Philippines,false,,,
901,Avrit Lumsdaine,alumsdainep0@wsj.com,901,Sweden,true,,,
902,Leroi Burnsall,lburnsallp1@ucoz.com,902,China,true,,,
903,Brit Eastup,beastupp2@usgs.gov,903,Philippines,false,,,
904,Barry Lethieulier,blethieulierp3@usatoday.com,904,Slovenia,false,,,
905,Sanford Rojel,srojelp4@ucoz.com,905,Netherlands,false,,,
906,Karney Quiddihy,kquiddihyp5@i2i.jp,906,Russia,true,,,
907,Kania Lowrey,klowreyp6@posterous.com,907,Peru,false,,,
908,Briggs Gelderd,bgelderdp7@dailymotion.com,908,Brazil,false,,,
909,Guenna Tennewell,gtennewellp8@oracle.com,909,Brazil,false,,,
910,Evelina Meins,emeinsp9@cyberchimps.com,910,New Zealand,true,,,
911,Nara Dunklee,ndunkleepa@cdbaby.com,911,China,false,,,
912,Orren Oddboy,ooddboypb@ucla.edu,912,Poland,false,,,
913,Louis Siggs,lsiggspc@cisco.com,913,Sweden,true,,,
914,Vasily Standen,vstandenpd@purevolume.com,914,Argentina,false,,,
915,Emmy Rodders,erodderspe@artisteer.com,915,Portugal,false,,,
916,Gweneth Carus,gcaruspf@posterous.com,916,Indonesia,false,,,
917,Ynes Batter,ybatterpg@blogs.com,917,Zimbabwe,true,,,
918,Eydie Baison,ebaisonph@icq.com,918,China,true,,,
919,Dionis Linke,dlinkepi@nbcnews.com,919,Gabon,true,,,
920,Seka Rubinsaft,srubinsaftpj@behance.net,920,Indonesia,false,,,
921,Obed Grier,ogrierpk@cargocollective.com,921,Indonesia,false,,,
922,Chilton Ferretti,cferrettipl@twitpic.com,922,Russia,true,,,
923,Jolynn Lamberti,jlambertipm@va.gov,923,Panama,false,,,
924,Diarmid Aarons,daaronspn@theglobeandmail.com,924,Egypt,false,,,
925,Clerc Bracchi,cbracchipo@indiegogo.com,925,Peru,true,,,
926,Ted Stamper,tstamperpp@360.cn,926,China,false,,,
927,Cindy Rosenschein,crosenscheinpq@taobao.com,927,Ecuador,false,,,
928,Trenton Brisbane,tbrisbanepr@state.tx.us,928,China,false,,,
929,Debee Morl,dmorlps@ning.com,929,Ukraine,false,,,
930,Marcos Ramlot,mramlotpt@over-blog.com,930,Colombia,false,,,
931,Bridget Blaxill,bblaxillpu@bbb.org,931,Argentina,false,,,
932,Piper MacKonochie,pmackonochiepv@xing.com,932,Colombia,false,,,
933,Selby O'Devey,sodeveypw@amazon.de,933,China,false,,,
934,Bessie Loughney,bloughneypx@mapy.cz,934,Mexico,true,,,
935,Odelinda Garstang,ogarstangpy@cam.ac.uk,935,El Salvador,true,,,
936,Rosy Saward,rsawardpz@nasa.gov,936,China,true,,,
937,Richy Kenington,rkeningtonq0@elegantthemes.com,937,Indonesia,true,,,
938,Meaghan Glasscock,mglasscockq1@cmu.edu,938,Peru,true,,,
939,Ruthanne Tallon,rtallonq2@dmoz.org,939,Colombia,true,,,
940,Courtney Chritchley,cchritchleyq3@yahoo.co.jp,940,Eritrea,true,,,
941,Carlynn Fabri,cfabriq4@house.gov,941,China,false,,,
942,Clemens Petrelli,cpetrelliq5@intel.com,942,China,false,,,
943,Sydney Broddle,sbroddleq6@goo.ne.jp,943,China,false,,,
944,Meridel Grebbin,mgrebbinq7@addthis.com,944,Ireland,false,,,
945,Margette Midlane,mmidlaneq8@sciencedaily.com,945,Mexico,true,,,
946,Nona Sharper,nsharperq9@youku.com,946,Netherlands,false,,,
947,Kristi Wones,kwonesqa@seattletimes.com,947,Western Sahara,true,,,
948,Delmore Maestro,dmaestroqb@cdbaby.com,948,China,false,,,
949,Russ Bunyard,rbunyardqc@noaa.gov,949,Slovenia,true,,,
950,Gregorius Brogiotti,gbrogiottiqd@chron.com,950,Indonesia,true,,,
951,Agustin Barbosa,abarbosaqe@tuttocitta.it,951,Italy,false,,,
952,Correy Fortin,cfortinqf@scribd.com,952,Mongolia,true,,,
953,Mireielle Camerati,mcameratiqg@blogger.com,953,Vietnam,true,,,
954,Halimeda Croote,hcrooteqh@geocities.com,954,China,true,,,
955,Jesse Cancelier,jcancelierqi@virginia.edu,955,Brazil,true,,,
956,Rosalind Kitley,rkitleyqj@psu.edu,956,Ukraine,true,,,
957,Saba Whiffen,swhiffenqk@buzzfeed.com,957,Czech Republic,false,,,
958,Warde Staddon,wstaddonql@tmall.com,958,China,true,,,
959,Stanly Sissons,ssissonsqm@shutterfly.com,959,Netherlands,false,,,
960,Cristina Katz,ckatzqn@nba.com,960,Russia,false,,,
961,Locke Mitchely,lmitchelyqo@google.com.hk,961,Portugal,false,,,
962,Delano Rotham,drothamqp@irs.gov,962,France,true,,,
963,Kayne Jochens,kjochensqq@wordpress.org,963,Mexico,false,,,
964,Julie Vlasenkov,jvlasenkovqr@gizmodo.com,964,Poland,true,,,
965,Cary McColl,cmccollqs@free.fr,965,Bulgaria,false,,,
966,Freddy Fromant,ffromantqt@usda.gov,966,Indonesia,false,,,
967,Letti Sandbach,lsandbachqu@is.gd,967,China,false,,,
968,Desmund Fitzsimmons,dfitzsimmonsqv@census.gov,968,Russia,false,,,
969,Creight Warlaw,cwarlawqw@smugmug.com,969,China,false,,,
970,Aymer Frome,afromeqx@1und1.de,970,China,true,,,
971,Giraldo Cisson,gcissonqy@is.gd,971,Indonesia,true,,,
972,Merwyn Ryde,mrydeqz@mozilla.org,972,Malaysia,false,,,
973,Grady Dennant,gdennantr0@dmoz.org,973,Democratic Republic of the Congo,true,,,
974,Dee Reignould,dreignouldr1@ning.com,974,Indonesia,true,,,
975,Elly Oglevie,eoglevier2@mac.com,975,Indonesia,true,,,
976,Karilynn Birtwistle,kbirtwistler3@nbcnews.com,976,Indonesia,true,,,
977,Elora de Guerre,eder4@loc.gov,977,Mexico,false,,,
978,Romy Fausset,rfaussetr5@blogger.com,978,Russia,true,,,
979,Natka Andress,nandressr6@pbs.org,979,China,true,,,
980,Bud Castello,bcastellor7@tripod.com,980,Indonesia,false,,,
981,Luci Easseby,leassebyr8@jiathis.com,981,Indonesia,true,,,
982,Romonda Derell,rderellr9@list-manage.com,982,Indonesia,true,,,
983,Meghann Stockill,mstockillra@wikia.com,983,Argentina,false,,,
984,Miguelita Poel,mpoelrb@prweb.com,984,China,true,,,
985,Rorke Froom,rfroomrc@wiley.com,985,France,false,,,
986,Alfy Dedam,adedamrd@infoseek.co.jp,986,Honduras,false,,,
987,Ase Gislebert,agislebertre@chron.com,987,Bangladesh,true,,,
988,Pearle Cabbell,pcabbellrf@sphinn.com,988,Sweden,false,,,
989,Darwin Gillbee,dgillbeerg@gmpg.org,989,Greece,true,,,
990,Gretna Chesser,gchesserrh@ustream.tv,990,Ghana,false,,,
991,Noelani Duddy,nduddyri@weebly.com,991,Indonesia,false,,,
992,Emmie O'Tuohy,eotuohyrj@com.com,992,Ukraine,false,,,
993,Shina Clingan,sclinganrk@techcrunch.com,993,Brazil,true,,,
994,Reina Viveash,rviveashrl@ezinearticles.com,994,France,false,,,
995,Zandra Langhorn,zlanghornrm@rakuten.co.jp,995,Sweden,true,,,
996,Boris Goldney,bgoldneyrn@sbwire.com,996,United States,false,,,
997,Cora Mosey,cmoseyro@google.es,997,Spain,true,,,
998,Pinchas Allam,pallamrp@facebook.com,998,Malaysia,true,,,
999,Freddie Bean,fbeanrq@sciencedirect.com,999,France,true,,,
1000,Wynn Spellar,wspellarrr@mayoclinic.com,1000,Portugal,false,,,
